version,num_seqs,seq_len,num_query_heads,num_kv_heads,head_size,use_alibi,block_size
"v2", 1, 65536, 3, 3, 64, 1, 16
"v2", 1, 16384, 6, 6, 64, 1, 16
"v2", 1, 8192, 15, 15, 64, 1, 16
"v2", 1, 4096, 24, 24, 128, 1, 16
"v2", 1, 2048, 32, 32, 128, 1, 16
"v2", 1, 2048, 8, 8, 128, 1, 16
"v2", 1, 2048, 16, 16, 64, 1, 16
"v2", 1, 65536, 3, 3, 64, 1, 32
"v2", 1, 16384, 6, 6, 64, 1, 32
"v2", 1, 8192, 15, 15, 64, 1, 32
"v2", 1, 4096, 24, 24, 128, 1, 32
"v2", 1, 2048, 32, 32, 128, 1, 32
"v2", 1, 2048, 8, 8, 128, 1, 32
"v2", 1, 2048, 16, 16, 64, 1, 32
